Construction,Area_in_Sqft,Price,Owner_info,Locality,BHK,Price_per_sqft
Under Construction,2810, 1.6 Cr,BUILDER,Manikonda,3,"5,699 / sq ft"
Ready to move,1495, 1.43 Cr,BUILDER,Shaikpet,2,"9,565 / sq ft"
Under Construction,1295, 56.98 L,BUILDER,Bachupally,2,"4,400 / sq ft"
Under Construction,890, 43.6 L,BUILDER,Shamshabad,2,"4,899 / sq ft"
Under Construction,1431, 65.82 L,BUILDER,Tellapur,3,"4,600 / sq ft"
Under Construction,2540, 1.65 Cr,BUILDER,Attapur,3,"6,501 / sq ft"
Under Construction,4147, 6.22 Cr,BUILDER,Serilingampally,4,"15,000 / sq ft"
Under Construction,2200, 1.18 Cr,BUILDER,Sainikpuri,3,"5,400 / sq ft"
New,1980, 70.38 L,BUILDER,Sheriguda,Residential Plot,"3,555 / sq ft"
Under Construction,1538, 95.35 L,BUILDER,Manikonda,3,"6,200 / sq ft"
Under Construction,2300, 1.45 Cr,BUILDER,Bachupally,4,"6,304 / sq ft"
Under Construction,1245, 56.02 L,BUILDER,Ghatkesar,2,"4,500 / sq ft"
Under Construction,1310, 72.05 L,BUILDER,Attapur,2,"5,500 / sq ft"
Under Construction,1310, 61.57 L,BUILDER,Kompally,2,"4,700 / sq ft"
Under Construction,3120, 1.46 Cr,BUILDER,Shankarpalli,3,"4,700 / sq ft"
Ready to move,1415, 96.22 L,BUILDER,Nanakramguda,3,"6,800 / sq ft"
Under Construction,1800, 75.58 L,BUILDER,Mallampet,3,"4,199 / sq ft"
Ready to move,3498, 2.9 Cr,BUILDER,Hitech City,4,"8,290 / sq ft"
Under Construction,1704, 97.11 L,BUILDER,Manikonda,3,"5,699 / sq ft"
Ready to move,2965, 3.04 Cr,BUILDER,Shaikpet,4,"10,252 / sq ft"
Under Construction,1195, 52.58 L,BUILDER,Bachupally,2,"4,400 / sq ft"
Under Construction,905, 44.33 L,BUILDER,Shamshabad,2,"4,899 / sq ft"
Under Construction,1435, 66.01 L,BUILDER,Tellapur,3,"4,600 / sq ft"
Under Construction,2540, 1.65 Cr,BUILDER,Attapur,3,"6,501 / sq ft"
Under Construction,3262, 4.89 Cr,BUILDER,Serilingampally,4,"15,000 / sq ft"
Under Construction,2195, 1.18 Cr,BUILDER,Sainikpuri,3,"5,400 / sq ft"
New,4203, 1.49 Cr,BUILDER,Sheriguda,Residential Plot,"3,555 / sq ft"
Under Construction,1505, 93.31 L,BUILDER,Manikonda,3,"6,200 / sq ft"
Under Construction,1245, 56.02 L,BUILDER,Ghatkesar,2,"4,500 / sq ft"
Under Construction,1485, 81.67 L,BUILDER,Attapur,3,"5,500 / sq ft"
Under Construction,1245, 58.51 L,BUILDER,Kompally,2,"4,700 / sq ft"
Under Construction,3000, 1.41 Cr,BUILDER,Shankarpalli,3,"4,700 / sq ft"
Ready to move,1425, 96.9 L,BUILDER,Nanakramguda,3,"6,800 / sq ft"
Under Construction,1143, 47.99 L,BUILDER,Mallampet,2,"4,199 / sq ft"
Ready to move,3031, 2.56 Cr,BUILDER,Hitech City,4,"8,446 / sq ft"
Under Construction,2810, 1.6 Cr,BUILDER,Manikonda,3,"5,699 / sq ft"
Ready to move,1865, 1.77 Cr,BUILDER,Shaikpet,3,"9,490 / sq ft"
Under Construction,1695, 74.58 L,BUILDER,Bachupally,3,"4,400 / sq ft"
Under Construction,945, 48.65 L,BUILDER,Shamshabad,2,"5,149 / sq ft"
Under Construction,1570, 72.22 L,BUILDER,Tellapur,3,"4,600 / sq ft"
Under Construction,2540, 1.65 Cr,BUILDER,Attapur,3,"6,501 / sq ft"
Under Construction,4258, 6.38 Cr,BUILDER,Serilingampally,4,"15,000 / sq ft"
Under Construction,2130, 1.15 Cr,BUILDER,Sainikpuri,3,"5,400 / sq ft"
New,1620, 57.59 L,BUILDER,Sheriguda,Residential Plot,"3,555 / sq ft"
Under Construction,1245, 77.19 L,BUILDER,Manikonda,2,"6,200 / sq ft"
Under Construction,1570, 70.65 L,BUILDER,Ghatkesar,3,"4,500 / sq ft"
Under Construction,1795, 98.72 L,BUILDER,Attapur,3,"5,500 / sq ft"
Under Construction,1575, 74.02 L,BUILDER,Kompally,3,"4,700 / sq ft"
Under Construction,1152, 48.37 L,BUILDER,Mallampet,2,"4,199 / sq ft"
Ready to move,1439, 43.17 L,OWNER,Patancheru,2,"3,000 / sq ft"
Under Construction,1597, 92.62 L,AGENT,Tellapur,3,"5,800 / sq ft"
Ready to move,1050, 47 L,AGENT,Nacharam,2,"4,476 / sq ft"
Under Construction,1000, 42 L,OWNER,Mokila,2,"4,200 / sq ft"
Ready to move,1337, 76 L,OWNER,Miyapur,3,"5,684 / sq ft"
Ready to move,1230, 87 L,OWNER,Manikonda,2,"7,073 / sq ft"
Under Construction,2000, 1.2 Cr,OWNER,Bahadurpally,3,"6,000 / sq ft"
Under Construction,3000, 1.9 Cr,OWNER,Kollur,3,"6,333 / sq ft"
Ready to move,2540, 2.2 Cr,OWNER,Manikonda,3,"8,661 / sq ft"
Ready to move,1175, 50 L,OWNER,Hastinapuram,2,"4,255 / sq ft"
Under Construction,1025, 62.37 L,AGENT,Aushapur,3,"6,085 / sq ft"
Under Construction,2600, 80 L,OWNER,Mokila,2,"3,076 / sq ft"
Under Construction,1100, 69 L,OWNER,Nagole,2,"6,272 / sq ft"
Ready to move,1800, 77.99 L,OWNER,Indresham,4,"4,333 / sq ft"
Under Construction,1230, 82.41 L,OWNER,Puppalaguda,2,"6,700 / sq ft"
Under Construction,1450, 1.03 Cr,OWNER,Madhapur,3,"7,103 / sq ft"
Ready to move,5400, 2.9 Cr,OWNER,Saidabad,9,"5,370 / sq ft"
Under Construction,2300, 1.12 Cr,OWNER,Sainikpuri,6,"4,869 / sq ft"
Under Construction,1665, 66.27 L,OWNER,Kollur,3,"3,980 / sq ft"
Ready to move,1350, 2.5 Cr,OWNER,Chandanagar,2,"18,518 / sq ft"
Under Construction,1585, 42.77 L,OWNER,muthangi,3,"2,699 / sq ft"
Ready to move,1200, 60 L,OWNER,Ramachandra Puram,2,"5,000 / sq ft"
Ready to move,1168, 59 L,OWNER,Mallapur,2,"5,051 / sq ft"
Ready to move,9468, 3.5 Cr,OWNER,Mehdipatnam,10,"3,696 / sq ft"
Ready to move,1285, 55 L,OWNER,Gajularamaram,2,"4,280 / sq ft"
Under Construction,1100, 40 L,OWNER,Kompally,2,"3,636 / sq ft"
Under Construction,1205, 42.17 L,OWNER,Chandanagar Vill,3,"3,500 / sq ft"
Resale,1089, 5.56 L,OWNER,Shamshabad,Residential Plot,511 / sq ft
Under Construction,2200, 78 L,OWNER,Kundanpally,4,"3,545 / sq ft"
Ready to move,1655, 1.2 Cr,OWNER,Narsingi,3,"7,250 / sq ft"
Ready to move,1800, 1.2 Cr,OWNER,Kukatpally,3,"6,666 / sq ft"
Ready to move,1300, 70 L,OWNER,Manikonda,2,"5,384 / sq ft"
Ready to move,756, 1.4 Cr,OWNER,Jubilee Hills,3,"18,518 / sq ft"
Ready to move,2414, 2.9 Cr,OWNER,Banjara Hills,6,"12,013 / sq ft"
Ready to move,1705, 59 L,OWNER,Nizampet,3,"3,460 / sq ft"
Ready to move,1136, 45 L,OWNER,Shadnagar,2,"3,961 / sq ft"
Ready to move,5740, 6 Cr,OWNER,Nallagandla Gachibowli,6,"10,452 / sq ft"
Ready to move,935, 45 L,OWNER,Amberpet,2,"4,812 / sq ft"
Ready to move,1602, 1.1 Cr,OWNER,Banjara Hills,3,"6,866 / sq ft"
Resale,1314, 11.26 L,OWNER,Shadnagar,Residential Plot,856 / sq ft
Resale,900, 30 L,OWNER,chandrayangutta,Residential Plot,"3,333 / sq ft"
Resale,1503, 44 L,OWNER,Medchal,Residential Plot,"2,927 / sq ft"
Ready to move,1290, 64.7 L,OWNER,Puppalaguda,2,"5,015 / sq ft"
Ready to move,4400, 2.5 Cr,OWNER,Kothapet,5,"5,681 / sq ft"
Ready to move,1332, 93 L,OWNER,Bandlaguda Jagir,3,"6,981 / sq ft"
Ready to move,830, 38 L,OWNER,Serilingampally,2,"4,578 / sq ft"
Ready to move,3000, 1.31 Cr,OWNER,AS Rao Nagar,3,"4,366 / sq ft"
Under Construction,1300, 60 L,OWNER,Pasumamula,2,"4,615 / sq ft"
Ready to move,1360, 1.29 Cr,OWNER,Madhapur,2,"9,485 / sq ft"
Ready to move,900, 45 L,OWNER,Kishan Bagh,3,"5,000 / sq ft"
Under Construction,1800, 1 Cr,OWNER,Kondakal,4,"5,555 / sq ft"
Under Construction,2208, 1.28 Cr,AGENT,Tellapur,3,"5,800 / sq ft"
Under Construction,3569, 2.07 Cr,AGENT,Tellapur,3,"5,800 / sq ft"
Under Construction,2132, 1.17 Cr,AGENT,Tellapur,3,"5,500 / sq ft"
Under Construction,2132, 1 Cr,AGENT,Tellapur,3,"4,700 / sq ft"
Under Construction,1000, 42 L,OWNER,Mokila,2,"4,200 / sq ft"
Under Construction,1000, 48 L,OWNER,Mokila,2,"4,800 / sq ft"
Under Construction,2600, 95 L,OWNER,Mokila,3,"3,653 / sq ft"
Ready to move,1230, 87 L,OWNER,Manikonda,2,"7,073 / sq ft"
Under Construction,2600, 95 L,OWNER,Mokila,3,"3,653 / sq ft"
Under Construction,2000, 1.2 Cr,OWNER,Bahadurpally,3,"6,000 / sq ft"
Under Construction,2000, 1.2 Cr,OWNER,Bahadurpally,3,"6,000 / sq ft"
Under Construction,2000, 1.2 Cr,OWNER,Bahadurpally,3,"6,000 / sq ft"
Under Construction,2000, 1.2 Cr,OWNER,Bahadurpally,3,"6,000 / sq ft"
Ready to move,1000, 38 L,OWNER,Gandi Maisamma,2,"3,800 / sq ft"
Under Construction,1150, 69.25 L,AGENT,Aushapur,3,"6,021 / sq ft"
Under Construction,1275, 76.12 L,AGENT,Aushapur,3,"5,970 / sq ft"
Under Construction,2600, 80 L,OWNER,Mokila,2,"3,076 / sq ft"
Under Construction,2600, 80 L,OWNER,Mokila,2,"3,076 / sq ft"
Ready to move,2540, 2.2 Cr,OWNER,Manikonda,3,"8,661 / sq ft"
Under Construction,2600, 80 L,OWNER,Mokila,2,"3,076 / sq ft"
Under Construction,2600, 80 L,OWNER,Mokila,2,"3,076 / sq ft"
Under Construction,2600, 80 L,OWNER,Mokila,2,"3,076 / sq ft"
Under Construction,2600, 80 L,OWNER,Mokila,2,"3,076 / sq ft"
Under Construction,2600, 80 L,OWNER,Mokila,2,"3,076 / sq ft"
Under Construction,2600, 80 L,OWNER,Mokila,2,"3,076 / sq ft"
Under Construction,2600, 80 L,OWNER,Mokila,2,"3,076 / sq ft"
Under Construction,2600, 80 L,OWNER,Mokila,2,"3,076 / sq ft"
Ready to move,1800, 77.99 L,OWNER,Indresham,4,"4,333 / sq ft"
Ready to move,1800, 77.99 L,OWNER,Indresham,4,"4,333 / sq ft"
Ready to move,1800, 77.99 L,OWNER,Indresham,4,"4,333 / sq ft"
Ready to move,1800, 77.99 L,OWNER,Indresham,4,"4,333 / sq ft"
Ready to move,1800, 77.99 L,OWNER,Indresham,4,"4,333 / sq ft"
Ready to move,1800, 77.99 L,OWNER,Indresham,4,"4,333 / sq ft"
Ready to move,1800, 77.99 L,OWNER,Indresham,4,"4,333 / sq ft"
Ready to move,1800, 77.99 L,OWNER,Indresham,4,"4,333 / sq ft"
Ready to move,1800, 77.99 L,OWNER,Indresham,4,"4,333 / sq ft"
Ready to move,1800, 77.99 L,OWNER,Indresham,4,"4,333 / sq ft"
Under Construction,1230, 82.41 L,OWNER,Puppalaguda,2,"6,700 / sq ft"
Ready to move,5400, 2.9 Cr,OWNER,Saidabad,9,"5,370 / sq ft"
Under Construction,2300, 1.12 Cr,OWNER,Sainikpuri,6,"4,869 / sq ft"
Under Construction,1450, 1.03 Cr,OWNER,Madhapur,3,"7,103 / sq ft"
Under Construction,1450, 1.03 Cr,OWNER,Madhapur,3,"7,103 / sq ft"
Under Construction,1450, 98 L,OWNER,Madhapur,3,"6,758 / sq ft"
Ready to move,5400, 2.9 Cr,OWNER,Saidabad,9,"5,370 / sq ft"
Ready to move,5400, 2.9 Cr,OWNER,Saidabad,9,"5,370 / sq ft"
Under Construction,1665, 66.27 L,OWNER,Kollur,3,"3,980 / sq ft"
Under Construction,1665, 66.27 L,OWNER,Kollur,3,"3,980 / sq ft"
Under Construction,1665, 66.27 L,OWNER,Kollur,3,"3,980 / sq ft"
Under Construction,1250, 50 L,OWNER,Kollur,2,"4,000 / sq ft"
Under Construction,1250, 50 L,OWNER,Kollur,2,"4,000 / sq ft"
Under Construction,1250, 50 L,OWNER,Kollur,2,"4,000 / sq ft"
Under Construction,1250, 50 L,OWNER,Kollur,2,"4,000 / sq ft"
Under Construction,1665, 66.27 L,OWNER,Kollur,3,"3,980 / sq ft"
Under Construction,1230, 82.41 L,OWNER,Puppalaguda,2,"6,700 / sq ft"
Ready to move,2200, 1.2 Cr,OWNER,Bahadurpally,3,"5,454 / sq ft"
Ready to move,2200, 1.2 Cr,OWNER,Bahadurpally,3,"5,454 / sq ft"
Under Construction,1230, 82.41 L,OWNER,Puppalaguda,2,"6,700 / sq ft"
Ready to move,1820, 74.99 L,OWNER,Patancheru,4,"4,120 / sq ft"
Resale,1089, 5.56 L,OWNER,Shamshabad,Residential Plot,511 / sq ft
Resale,1089, 5.56 L,OWNER,Shamshabad,Residential Plot,511 / sq ft
Under Construction,1240, 44 L,OWNER,Chandanagar,3,"3,548 / sq ft"
Under Construction,1240, 44 L,OWNER,Chandanagar,3,"3,548 / sq ft"
Under Construction,1240, 44 L,OWNER,Chandanagar,3,"3,548 / sq ft"
Under Construction,1240, 44 L,OWNER,Chandanagar,3,"3,548 / sq ft"
Under Construction,1240, 44 L,OWNER,Chandanagar,3,"3,548 / sq ft"
Under Construction,1040, 38 L,OWNER,Chandanagar Vill,2,"3,653 / sq ft"
Under Construction,1040, 38 L,OWNER,Chandanagar Vill,2,"3,653 / sq ft"
Under Construction,1040, 38 L,OWNER,Chandanagar Vill,2,"3,653 / sq ft"
Under Construction,1040, 38 L,OWNER,Chandanagar Vill,2,"3,653 / sq ft"
Under Construction,1040, 38 L,OWNER,Chandanagar Vill,2,"3,653 / sq ft"
Under Construction,1040, 38 L,OWNER,Chandanagar Vill,2,"3,653 / sq ft"
Under Construction,1150, 26 L,OWNER,muthangi,2,"2,260 / sq ft"
Under Construction,1150, 26 L,OWNER,muthangi,2,"2,260 / sq ft"
Under Construction,1150, 26 L,OWNER,muthangi,2,"2,260 / sq ft"
Under Construction,1150, 26 L,OWNER,muthangi,2,"2,260 / sq ft"
Under Construction,1150, 26 L,OWNER,muthangi,2,"2,260 / sq ft"
Under Construction,1150, 26 L,OWNER,muthangi,2,"2,260 / sq ft"
Under Construction,1150, 26 L,OWNER,muthangi,2,"2,260 / sq ft"
Ready to move,1300, 70 L,OWNER,Manikonda,2,"5,384 / sq ft"
Under Construction,1150, 26 L,OWNER,muthangi,2,"2,260 / sq ft"
Under Construction,1560, 36 L,OWNER,muthangi,3,"2,307 / sq ft"
Under Construction,1560, 36 L,OWNER,muthangi,3,"2,307 / sq ft"
Under Construction,1560, 36 L,OWNER,muthangi,3,"2,307 / sq ft"
Under Construction,1560, 36 L,OWNER,muthangi,3,"2,307 / sq ft"
Under Construction,1520, 36 L,OWNER,muthangi,3,"2,368 / sq ft"
Under Construction,1020, 36 L,OWNER,Miyapur,2,"3,529 / sq ft"
Under Construction,1020, 36 L,OWNER,Miyapur,2,"3,529 / sq ft"
Under Construction,1020, 36 L,OWNER,Miyapur,2,"3,529 / sq ft"
Under Construction,1520, 36 L,OWNER,muthangi,3,"2,368 / sq ft"
Under Construction,1170, 26 L,OWNER,muthangi,2,"2,222 / sq ft"
Under Construction,1240, 44 L,OWNER,Chandanagar,3,"3,548 / sq ft"
Under Construction,1020, 36 L,OWNER,Miyapur,2,"3,529 / sq ft"
Under Construction,1240, 44 L,OWNER,Chandanagar,3,"3,548 / sq ft"
Under Construction,1170, 26 L,OWNER,muthangi,2,"2,222 / sq ft"
Under Construction,1240, 44 L,OWNER,Chandanagar,3,"3,548 / sq ft"
Under Construction,1170, 26 L,OWNER,muthangi,2,"2,222 / sq ft"
Under Construction,1520, 36 L,OWNER,muthangi,3,"2,368 / sq ft"
Under Construction,1560, 36 L,OWNER,muthangi,3,"2,307 / sq ft"
Under Construction,1170, 26 L,OWNER,muthangi,2,"2,222 / sq ft"
Under Construction,1240, 44 L,OWNER,Chandanagar,3,"3,548 / sq ft"
Under Construction,1170, 26 L,OWNER,muthangi,2,"2,222 / sq ft"
Under Construction,1360, 47.6 L,OWNER,Miyapur,3,"3,500 / sq ft"
Under Construction,1360, 47.6 L,OWNER,Miyapur,3,"3,500 / sq ft"
Under Construction,1040, 36 L,OWNER,Miyapur,2,"3,461 / sq ft"
Under Construction,1170, 26 L,OWNER,muthangi,2,"2,222 / sq ft"
Under Construction,1560, 36 L,OWNER,muthangi,3,"2,307 / sq ft"
Under Construction,1560, 36 L,OWNER,muthangi,3,"2,307 / sq ft"
Under Construction,1560, 36 L,OWNER,muthangi,3,"2,307 / sq ft"
Under Construction,1560, 36 L,OWNER,muthangi,3,"2,307 / sq ft"
Under Construction,1520, 36 L,OWNER,muthangi,3,"2,368 / sq ft"
Under Construction,1020, 36 L,OWNER,Miyapur,2,"3,529 / sq ft"
Under Construction,1020, 36 L,OWNER,Miyapur,2,"3,529 / sq ft"
Under Construction,1020, 36 L,OWNER,Miyapur,2,"3,529 / sq ft"
Under Construction,1020, 36 L,OWNER,Miyapur,2,"3,529 / sq ft"
Under Construction,1520, 36 L,OWNER,muthangi,3,"2,368 / sq ft"
Under Construction,1560, 36 L,OWNER,muthangi,3,"2,307 / sq ft"
Under Construction,1170, 26 L,OWNER,muthangi,2,"2,222 / sq ft"
Under Construction,1560, 36 L,OWNER,muthangi,3,"2,307 / sq ft"
Under Construction,1560, 36 L,OWNER,muthangi,3,"2,307 / sq ft"
Under Construction,1040, 36 L,OWNER,Miyapur,2,"3,461 / sq ft"
Ready to move,1300, 70 L,OWNER,Manikonda,2,"5,384 / sq ft"
Under Construction,1170, 26 L,OWNER,muthangi,2,"2,222 / sq ft"
Under Construction,1520, 36 L,OWNER,muthangi,3,"2,368 / sq ft"
Under Construction,1240, 44 L,OWNER,Chandanagar,3,"3,548 / sq ft"
Under Construction,1240, 44 L,OWNER,Chandanagar,3,"3,548 / sq ft"
Under Construction,1240, 44 L,OWNER,Chandanagar,3,"3,548 / sq ft"
Under Construction,1240, 44 L,OWNER,Chandanagar,3,"3,548 / sq ft"
Under Construction,1240, 44 L,OWNER,Chandanagar,3,"3,548 / sq ft"
Under Construction,1040, 38 L,OWNER,Chandanagar Vill,2,"3,653 / sq ft"
Under Construction,1040, 38 L,OWNER,Chandanagar Vill,2,"3,653 / sq ft"
Under Construction,1040, 38 L,OWNER,Chandanagar Vill,2,"3,653 / sq ft"
Under Construction,1040, 38 L,OWNER,Chandanagar Vill,2,"3,653 / sq ft"
Under Construction,1040, 38 L,OWNER,Chandanagar Vill,2,"3,653 / sq ft"
Under Construction,1040, 38 L,OWNER,Chandanagar Vill,2,"3,653 / sq ft"
Under Construction,1150, 26 L,OWNER,muthangi,2,"2,260 / sq ft"
Under Construction,1150, 26 L,OWNER,muthangi,2,"2,260 / sq ft"
Under Construction,1150, 26 L,OWNER,muthangi,2,"2,260 / sq ft"
Under Construction,1150, 26 L,OWNER,muthangi,2,"2,260 / sq ft"
Under Construction,1150, 26 L,OWNER,muthangi,2,"2,260 / sq ft"
Under Construction,1150, 26 L,OWNER,muthangi,2,"2,260 / sq ft"
Under Construction,1150, 26 L,OWNER,muthangi,2,"2,260 / sq ft"
Under Construction,1170, 26 L,OWNER,muthangi,2,"2,222 / sq ft"
Under Construction,1170, 26 L,OWNER,muthangi,2,"2,222 / sq ft"
Under Construction,1170, 26 L,OWNER,muthangi,2,"2,222 / sq ft"
Under Construction,1170, 26 L,OWNER,muthangi,2,"2,222 / sq ft"
Under Construction,1020, 36 L,OWNER,Miyapur,2,"3,529 / sq ft"
Under Construction,1150, 26 L,OWNER,muthangi,2,"2,260 / sq ft"
Under Construction,1150, 36 L,OWNER,Miyapur,2,"3,130 / sq ft"
Under Construction,1150, 36 L,OWNER,Miyapur,2,"3,130 / sq ft"
Under Construction,1150, 36 L,OWNER,Miyapur,2,"3,130 / sq ft"
Under Construction,1150, 36 L,OWNER,Miyapur,2,"3,130 / sq ft"
Under Construction,1150, 36 L,OWNER,Miyapur,2,"3,130 / sq ft"
Under Construction,1150, 36 L,OWNER,Miyapur,2,"3,130 / sq ft"
Under Construction,1150, 36 L,OWNER,Miyapur,2,"3,130 / sq ft"
Under Construction,1150, 26 L,OWNER,muthangi,2,"2,260 / sq ft"
Under Construction,1150, 26 L,OWNER,muthangi,2,"2,260 / sq ft"
Under Construction,1150, 26 L,OWNER,muthangi,2,"2,260 / sq ft"
Under Construction,1150, 26 L,OWNER,muthangi,2,"2,260 / sq ft"
Under Construction,1150, 26 L,OWNER,muthangi,2,"2,260 / sq ft"
Under Construction,1150, 36 L,OWNER,Miyapur,2,"3,130 / sq ft"
Under Construction,1240, 44 L,OWNER,Chandanagar,3,"3,548 / sq ft"
Under Construction,1040, 34 L,OWNER,Miyapur,2,"3,269 / sq ft"
Under Construction,1240, 44 L,OWNER,Chandanagar,3,"3,548 / sq ft"
Under Construction,1040, 38 L,OWNER,Chandanagar Vill,2,"3,653 / sq ft"
Under Construction,1150, 36 L,OWNER,Miyapur,2,"3,130 / sq ft"
Under Construction,1240, 44 L,OWNER,Chandanagar,3,"3,548 / sq ft"
Under Construction,1240, 44 L,OWNER,Chandanagar,3,"3,548 / sq ft"
Under Construction,1240, 44 L,OWNER,Chandanagar,3,"3,548 / sq ft"
Under Construction,1040, 34 L,OWNER,Miyapur,2,"3,269 / sq ft"
Under Construction,1150, 26 L,OWNER,muthangi,2,"2,260 / sq ft"
Under Construction,1040, 38 L,OWNER,Chandanagar Vill,2,"3,653 / sq ft"
Under Construction,1240, 44 L,OWNER,Chandanagar,3,"3,548 / sq ft"
Under Construction,1150, 36 L,OWNER,Miyapur,2,"3,130 / sq ft"
Under Construction,1150, 26 L,OWNER,muthangi,2,"2,260 / sq ft"
Under Construction,1020, 35.7 L,OWNER,Miyapur,2,"3,500 / sq ft"
Under Construction,1560, 54.6 L,OWNER,Miyapur,3,"3,500 / sq ft"
Under Construction,1050, 44 L,OWNER,Miyapur,2,"4,190 / sq ft"
Under Construction,1560, 35 L,OWNER,muthangi,2,"2,243 / sq ft"
Under Construction,1560, 35 L,OWNER,muthangi,2,"2,243 / sq ft"
Under Construction,1560, 35 L,OWNER,muthangi,2,"2,243 / sq ft"
Under Construction,1040, 38 L,OWNER,Chandanagar Vill,2,"3,653 / sq ft"
Under Construction,1150, 26 L,OWNER,muthangi,2,"2,260 / sq ft"
Under Construction,1150, 26 L,OWNER,muthangi,2,"2,260 / sq ft"
Under Construction,1150, 26 L,OWNER,muthangi,2,"2,260 / sq ft"
Under Construction,1040, 38 L,OWNER,Chandanagar Vill,2,"3,653 / sq ft"
Under Construction,1520, 36 L,OWNER,muthangi,3,"2,368 / sq ft"
Under Construction,1240, 44 L,OWNER,Chandanagar,3,"3,548 / sq ft"
Under Construction,1240, 44 L,OWNER,Chandanagar,3,"3,548 / sq ft"
Under Construction,1240, 44 L,OWNER,Chandanagar,3,"3,548 / sq ft"
Under Construction,1240, 44 L,OWNER,Chandanagar,3,"3,548 / sq ft"
Under Construction,1240, 44 L,OWNER,Chandanagar,3,"3,548 / sq ft"
Under Construction,1040, 38 L,OWNER,Chandanagar Vill,2,"3,653 / sq ft"
Under Construction,1040, 38 L,OWNER,Chandanagar Vill,2,"3,653 / sq ft"
Under Construction,1040, 38 L,OWNER,Chandanagar Vill,2,"3,653 / sq ft"
Under Construction,1040, 38 L,OWNER,Chandanagar Vill,2,"3,653 / sq ft"
Under Construction,1040, 38 L,OWNER,Chandanagar Vill,2,"3,653 / sq ft"
Under Construction,1040, 38 L,OWNER,Chandanagar Vill,2,"3,653 / sq ft"
Under Construction,1150, 26 L,OWNER,muthangi,2,"2,260 / sq ft"
Under Construction,1150, 26 L,OWNER,muthangi,2,"2,260 / sq ft"
Under Construction,1150, 26 L,OWNER,muthangi,2,"2,260 / sq ft"
Under Construction,1150, 26 L,OWNER,muthangi,2,"2,260 / sq ft"
Under Construction,1150, 26 L,OWNER,muthangi,2,"2,260 / sq ft"
Under Construction,1150, 26 L,OWNER,muthangi,2,"2,260 / sq ft"
Under Construction,1560, 35 L,OWNER,muthangi,2,"2,243 / sq ft"
Under Construction,1260, 44 L,OWNER,Chandanagar,3,"3,492 / sq ft"
Under Construction,1020, 36 L,OWNER,Chandanagar,2,"3,529 / sq ft"
Under Construction,1020, 36 L,OWNER,Chandanagar,2,"3,529 / sq ft"
Under Construction,1020, 36 L,OWNER,Chandanagar,2,"3,529 / sq ft"
Under Construction,1020, 36 L,OWNER,Chandanagar,2,"3,529 / sq ft"
Under Construction,1020, 36 L,OWNER,Chandanagar,2,"3,529 / sq ft"
Under Construction,1240, 43.4 L,OWNER,Miyapur,3,"3,500 / sq ft"
Under Construction,1240, 43.4 L,OWNER,Miyapur,3,"3,500 / sq ft"
Under Construction,1240, 43.4 L,OWNER,Miyapur,3,"3,500 / sq ft"
Under Construction,1240, 43.4 L,OWNER,Miyapur,3,"3,500 / sq ft"
Under Construction,1240, 43.4 L,OWNER,Miyapur,3,"3,500 / sq ft"
Under Construction,1260, 44 L,OWNER,Chandanagar,3,"3,492 / sq ft"
Under Construction,1260, 44 L,OWNER,Chandanagar,3,"3,492 / sq ft"
Under Construction,1020, 36 L,OWNER,Chandanagar,2,"3,529 / sq ft"
Under Construction,1260, 44 L,OWNER,Chandanagar,3,"3,492 / sq ft"
Under Construction,1020, 36 L,OWNER,Chandanagar,2,"3,529 / sq ft"
Under Construction,1260, 44 L,OWNER,Chandanagar,3,"3,492 / sq ft"
Under Construction,1020, 36 L,OWNER,Chandanagar,2,"3,529 / sq ft"
Under Construction,1060, 38 L,OWNER,Miyapur,2,"3,584 / sq ft"
Under Construction,1040, 38 L,OWNER,Miyapur,2,"3,653 / sq ft"
Under Construction,1060, 38 L,OWNER,Miyapur,2,"3,584 / sq ft"
Under Construction,1060, 38 L,OWNER,Miyapur,2,"3,584 / sq ft"
Under Construction,1040, 37 L,OWNER,Chandanagar,3,"3,557 / sq ft"
Under Construction,1040, 38 L,OWNER,Miyapur,2,"3,653 / sq ft"
Under Construction,1040, 38 L,OWNER,Miyapur,2,"3,653 / sq ft"
Under Construction,1060, 38 L,OWNER,Miyapur,2,"3,584 / sq ft"
Under Construction,1040, 38 L,OWNER,Miyapur,2,"3,653 / sq ft"
Under Construction,1040, 38 L,OWNER,Miyapur,2,"3,653 / sq ft"
Under Construction,1060, 38 L,OWNER,Miyapur,2,"3,584 / sq ft"
Under Construction,1040, 38 L,OWNER,Miyapur,2,"3,653 / sq ft"
Under Construction,1060, 38 L,OWNER,Miyapur,2,"3,584 / sq ft"
Under Construction,1040, 38 L,OWNER,Miyapur,2,"3,653 / sq ft"
Under Construction,1040, 38 L,OWNER,Miyapur,2,"3,653 / sq ft"
Under Construction,1020, 36 L,OWNER,Miyapur,2,"3,529 / sq ft"
Under Construction,1240, 44 L,OWNER,Chandanagar,3,"3,548 / sq ft"
Under Construction,1020, 36 L,OWNER,Miyapur,2,"3,529 / sq ft"
Under Construction,1060, 38 L,OWNER,Miyapur,2,"3,584 / sq ft"
Under Construction,1040, 38 L,OWNER,Miyapur,2,"3,653 / sq ft"
Under Construction,1040, 38 L,OWNER,Miyapur,2,"3,653 / sq ft"
Under Construction,1060, 38 L,OWNER,Miyapur,2,"3,584 / sq ft"
Under Construction,1040, 38 L,OWNER,Miyapur,2,"3,653 / sq ft"
Under Construction,1060, 38 L,OWNER,Miyapur,2,"3,584 / sq ft"
Under Construction,1040, 38 L,OWNER,Miyapur,2,"3,653 / sq ft"
Under Construction,1040, 38 L,OWNER,Miyapur,2,"3,653 / sq ft"
Under Construction,1020, 36 L,OWNER,Miyapur,2,"3,529 / sq ft"
Under Construction,1240, 44 L,OWNER,Chandanagar,3,"3,548 / sq ft"
Under Construction,1020, 36 L,OWNER,Miyapur,2,"3,529 / sq ft"
Under Construction,1040, 37 L,OWNER,Chandanagar,3,"3,557 / sq ft"
Under Construction,1020, 36 L,OWNER,Miyapur,2,"3,529 / sq ft"
Under Construction,1020, 36 L,OWNER,Miyapur,2,"3,529 / sq ft"
Under Construction,1020, 36 L,OWNER,Miyapur,2,"3,529 / sq ft"
Under Construction,1040, 37 L,OWNER,Chandanagar,3,"3,557 / sq ft"
Under Construction,1060, 38 L,OWNER,Miyapur,2,"3,584 / sq ft"
Under Construction,1040, 37 L,OWNER,Chandanagar,3,"3,557 / sq ft"
Under Construction,1040, 37 L,OWNER,Chandanagar,3,"3,557 / sq ft"
Under Construction,1040, 37 L,OWNER,Chandanagar,3,"3,557 / sq ft"
Under Construction,1020, 36 L,OWNER,Miyapur,2,"3,529 / sq ft"
Under Construction,1040, 37 L,OWNER,Chandanagar,3,"3,557 / sq ft"
Under Construction,1060, 38 L,OWNER,Miyapur,2,"3,584 / sq ft"
Under Construction,1020, 36 L,OWNER,Miyapur,2,"3,529 / sq ft"
Under Construction,1060, 38 L,OWNER,Miyapur,2,"3,584 / sq ft"
Under Construction,1060, 38 L,OWNER,Miyapur,2,"3,584 / sq ft"
Under Construction,1040, 38 L,OWNER,Miyapur,2,"3,653 / sq ft"
Under Construction,1040, 38 L,OWNER,Miyapur,2,"3,653 / sq ft"
Under Construction,1040, 38 L,OWNER,Miyapur,2,"3,653 / sq ft"
Under Construction,1040, 38 L,OWNER,Miyapur,2,"3,653 / sq ft"
Under Construction,1040, 38 L,OWNER,Miyapur,2,"3,653 / sq ft"
Under Construction,1040, 37 L,OWNER,Chandanagar,3,"3,557 / sq ft"
Under Construction,1040, 38 L,OWNER,Miyapur,2,"3,653 / sq ft"
Under Construction,1040, 37 L,OWNER,Chandanagar,3,"3,557 / sq ft"
Under Construction,1040, 37 L,OWNER,Chandanagar,3,"3,557 / sq ft"
Under Construction,1040, 37 L,OWNER,Chandanagar,3,"3,557 / sq ft"
Under Construction,1240, 44 L,OWNER,Chandanagar,3,"3,548 / sq ft"
Under Construction,1240, 44 L,OWNER,Chandanagar,3,"3,548 / sq ft"
Under Construction,1240, 44 L,OWNER,Chandanagar,3,"3,548 / sq ft"
Under Construction,1040, 37 L,OWNER,Chandanagar,3,"3,557 / sq ft"
Under Construction,1260, 44 L,OWNER,Chandanagar,3,"3,492 / sq ft"
Under Construction,1020, 36 L,OWNER,Chandanagar,2,"3,529 / sq ft"
Under Construction,1020, 36 L,OWNER,Chandanagar,2,"3,529 / sq ft"
Under Construction,1240, 43.4 L,OWNER,Miyapur,3,"3,500 / sq ft"
Under Construction,1240, 43.4 L,OWNER,Miyapur,3,"3,500 / sq ft"
Under Construction,1020, 36 L,OWNER,Chandanagar,2,"3,529 / sq ft"
Under Construction,1240, 43.4 L,OWNER,Miyapur,3,"3,500 / sq ft"
Under Construction,1240, 43.4 L,OWNER,Miyapur,3,"3,500 / sq ft"
Under Construction,1020, 36 L,OWNER,Chandanagar,2,"3,529 / sq ft"
Under Construction,1260, 44 L,OWNER,Chandanagar,3,"3,492 / sq ft"
Under Construction,1260, 44 L,OWNER,Chandanagar,3,"3,492 / sq ft"
Under Construction,1260, 44 L,OWNER,Chandanagar,3,"3,492 / sq ft"
Under Construction,1260, 44 L,OWNER,Chandanagar,3,"3,492 / sq ft"
Under Construction,1040, 38 L,OWNER,Chandanagar,2,"3,653 / sq ft"
Under Construction,1040, 34 L,OWNER,Chandanagar,2,"3,269 / sq ft"
Under Construction,1040, 38 L,OWNER,Chandanagar,2,"3,653 / sq ft"
Under Construction,1040, 34 L,OWNER,Chandanagar,2,"3,269 / sq ft"
Ready to move,1705, 59 L,OWNER,Nizampet,3,"3,460 / sq ft"
Ready to move,1705, 59 L,OWNER,Nizampet,3,"3,460 / sq ft"
Under Construction,1260, 44 L,OWNER,Chandanagar,3,"3,492 / sq ft"
Ready to move,1300, 70 L,OWNER,Manikonda,2,"5,384 / sq ft"
Ready to move,1300, 70 L,OWNER,Manikonda,2,"5,384 / sq ft"
Ready to move,1300, 70 L,OWNER,Manikonda,2,"5,384 / sq ft"
Resale,1314, 11.26 L,OWNER,Shadnagar,Residential Plot,856 / sq ft
Resale,1314, 11.26 L,OWNER,Shadnagar,Residential Plot,856 / sq ft
Resale,1314, 11.26 L,OWNER,Shadnagar,Residential Plot,856 / sq ft
Resale,1314, 11.26 L,OWNER,Shadnagar,Residential Plot,856 / sq ft
Resale,1314, 11.26 L,OWNER,Shadnagar,Residential Plot,856 / sq ft
Resale,1314, 11.26 L,OWNER,Shadnagar,Residential Plot,856 / sq ft
Resale,1314, 11.26 L,OWNER,Shadnagar,Residential Plot,856 / sq ft
Under Construction,1570, 36 L,OWNER,muthangi,2,"2,292 / sq ft"
Under Construction,1570, 36 L,OWNER,muthangi,3,"2,292 / sq ft"
Under Construction,1530, 26 L,OWNER,muthangi,2,"1,699 / sq ft"
Under Construction,1530, 26 L,OWNER,muthangi,2,"1,699 / sq ft"
Under Construction,1530, 26 L,OWNER,muthangi,2,"1,699 / sq ft"
Under Construction,1170, 26 L,OWNER,muthangi,2,"2,222 / sq ft"
Under Construction,1530, 26 L,OWNER,muthangi,2,"1,699 / sq ft"
Under Construction,1570, 36 L,OWNER,muthangi,2,"2,292 / sq ft"
Under Construction,1570, 36 L,OWNER,muthangi,2,"2,292 / sq ft"
Under Construction,1570, 36 L,OWNER,muthangi,2,"2,292 / sq ft"
Under Construction,1570, 36 L,OWNER,muthangi,3,"2,292 / sq ft"
Under Construction,1570, 36 L,OWNER,muthangi,3,"2,292 / sq ft"
Under Construction,1570, 36 L,OWNER,muthangi,3,"2,292 / sq ft"
Under Construction,1570, 36 L,OWNER,muthangi,3,"2,292 / sq ft"
Under Construction,1570, 36 L,OWNER,muthangi,3,"2,292 / sq ft"
Under Construction,1570, 36 L,OWNER,muthangi,3,"2,292 / sq ft"
Under Construction,1170, 26 L,OWNER,muthangi,2,"2,222 / sq ft"
Under Construction,1170, 26 L,OWNER,muthangi,2,"2,222 / sq ft"
Under Construction,1170, 26 L,OWNER,muthangi,2,"2,222 / sq ft"
Under Construction,1170, 26 L,OWNER,muthangi,2,"2,222 / sq ft"
Under Construction,1570, 36 L,OWNER,muthangi,2,"2,292 / sq ft"
Under Construction,1570, 36 L,OWNER,muthangi,3,"2,292 / sq ft"
Under Construction,1530, 26 L,OWNER,muthangi,2,"1,699 / sq ft"
Under Construction,1530, 26 L,OWNER,muthangi,2,"1,699 / sq ft"
Under Construction,1530, 26 L,OWNER,muthangi,2,"1,699 / sq ft"
Under Construction,1170, 26 L,OWNER,muthangi,2,"2,222 / sq ft"
Under Construction,1530, 26 L,OWNER,muthangi,2,"1,699 / sq ft"
Under Construction,1570, 36 L,OWNER,muthangi,2,"2,292 / sq ft"
Under Construction,1570, 36 L,OWNER,muthangi,2,"2,292 / sq ft"
Under Construction,1570, 36 L,OWNER,muthangi,2,"2,292 / sq ft"
Under Construction,1240, 43.4 L,OWNER,Miyapur,3,"3,500 / sq ft"
Under Construction,1020, 35.7 L,OWNER,Miyapur,2,"3,500 / sq ft"
Under Construction,1240, 43.4 L,OWNER,Miyapur,3,"3,500 / sq ft"
Under Construction,1160, 26 L,OWNER,muthangi,2,"2,241 / sq ft"
Under Construction,1020, 35.7 L,OWNER,Miyapur,2,"3,500 / sq ft"
Under Construction,1560, 36 L,OWNER,muthangi,3,"2,307 / sq ft"
Under Construction,1560, 36 L,OWNER,muthangi,3,"2,307 / sq ft"
Under Construction,1160, 26 L,OWNER,muthangi,2,"2,241 / sq ft"
Under Construction,1160, 26 L,OWNER,muthangi,2,"2,241 / sq ft"
Under Construction,1560, 36 L,OWNER,muthangi,3,"2,307 / sq ft"
Under Construction,1560, 36 L,OWNER,muthangi,3,"2,307 / sq ft"
Under Construction,1020, 35.7 L,OWNER,Miyapur,2,"3,500 / sq ft"
Under Construction,1570, 36 L,OWNER,muthangi,2,"2,292 / sq ft"
Under Construction,1500, 26 L,OWNER,muthangi,2,"1,733 / sq ft"
Under Construction,1160, 26 L,OWNER,muthangi,2,"2,241 / sq ft"
Under Construction,1560, 36 L,OWNER,muthangi,3,"2,307 / sq ft"
Under Construction,1020, 35.7 L,OWNER,Miyapur,2,"3,500 / sq ft"
Under Construction,1160, 26 L,OWNER,muthangi,2,"2,241 / sq ft"
Under Construction,1020, 35.7 L,OWNER,Miyapur,2,"3,500 / sq ft"
Under Construction,1020, 35.7 L,OWNER,Miyapur,2,"3,500 / sq ft"
Under Construction,1530, 26 L,OWNER,muthangi,2,"1,699 / sq ft"
Under Construction,1570, 36 L,OWNER,muthangi,2,"2,292 / sq ft"
Under Construction,1160, 26 L,OWNER,muthangi,2,"2,241 / sq ft"
Under Construction,1570, 36 L,OWNER,muthangi,2,"2,292 / sq ft"
Under Construction,1570, 36 L,OWNER,muthangi,3,"2,292 / sq ft"
Under Construction,1500, 26 L,OWNER,muthangi,2,"1,733 / sq ft"
Under Construction,1560, 36 L,OWNER,muthangi,3,"2,307 / sq ft"
Under Construction,1560, 36 L,OWNER,muthangi,3,"2,307 / sq ft"
Under Construction,1160, 26 L,OWNER,muthangi,2,"2,241 / sq ft"
Under Construction,1240, 43.4 L,OWNER,Miyapur,3,"3,500 / sq ft"
Under Construction,1020, 35.7 L,OWNER,Miyapur,2,"3,500 / sq ft"
Under Construction,1160, 26 L,OWNER,muthangi,2,"2,241 / sq ft"
Under Construction,1170, 26 L,OWNER,muthangi,2,"2,222 / sq ft"
Under Construction,1570, 36 L,OWNER,muthangi,3,"2,292 / sq ft"
Under Construction,1160, 26 L,OWNER,muthangi,2,"2,241 / sq ft"
Under Construction,1160, 26 L,OWNER,muthangi,2,"2,241 / sq ft"
Under Construction,1530, 26 L,OWNER,muthangi,2,"1,699 / sq ft"
Under Construction,1160, 26 L,OWNER,muthangi,2,"2,241 / sq ft"
Under Construction,1160, 26 L,OWNER,muthangi,2,"2,241 / sq ft"
Under Construction,1530, 26 L,OWNER,muthangi,2,"1,699 / sq ft"
Under Construction,1160, 26 L,OWNER,muthangi,2,"2,241 / sq ft"
Under Construction,1500, 26 L,OWNER,muthangi,2,"1,733 / sq ft"
Under Construction,1500, 26 L,OWNER,muthangi,2,"1,733 / sq ft"
Under Construction,1560, 36 L,OWNER,muthangi,3,"2,307 / sq ft"
Under Construction,1560, 36 L,OWNER,muthangi,3,"2,307 / sq ft"
Under Construction,1500, 26 L,OWNER,muthangi,2,"1,733 / sq ft"
Under Construction,1160, 26 L,OWNER,muthangi,2,"2,241 / sq ft"
Under Construction,1500, 26 L,OWNER,muthangi,2,"1,733 / sq ft"
Under Construction,1500, 26 L,OWNER,muthangi,2,"1,733 / sq ft"
Under Construction,1560, 36 L,OWNER,muthangi,3,"2,307 / sq ft"
Under Construction,1160, 26 L,OWNER,muthangi,2,"2,241 / sq ft"
Under Construction,1240, 43.4 L,OWNER,Miyapur,3,"3,500 / sq ft"
Under Construction,1240, 43.4 L,OWNER,Miyapur,3,"3,500 / sq ft"
Under Construction,1240, 43.4 L,OWNER,Miyapur,3,"3,500 / sq ft"
Under Construction,1240, 43.4 L,OWNER,Miyapur,3,"3,500 / sq ft"
Under Construction,1240, 43.4 L,OWNER,Miyapur,3,"3,500 / sq ft"
Under Construction,1530, 26 L,OWNER,muthangi,2,"1,699 / sq ft"
Under Construction,1020, 35.7 L,OWNER,Miyapur,2,"3,500 / sq ft"
Under Construction,1530, 26 L,OWNER,muthangi,2,"1,699 / sq ft"
Under Construction,1020, 35.7 L,OWNER,Miyapur,2,"3,500 / sq ft"
Under Construction,1570, 36 L,OWNER,muthangi,2,"2,292 / sq ft"
Under Construction,1160, 26 L,OWNER,muthangi,2,"2,241 / sq ft"
Under Construction,1570, 36 L,OWNER,muthangi,2,"2,292 / sq ft"
Under Construction,1570, 36 L,OWNER,muthangi,3,"2,292 / sq ft"
Under Construction,1500, 26 L,OWNER,muthangi,2,"1,733 / sq ft"
Under Construction,1560, 36 L,OWNER,muthangi,3,"2,307 / sq ft"
Under Construction,1560, 36 L,OWNER,muthangi,3,"2,307 / sq ft"
Under Construction,1160, 26 L,OWNER,muthangi,2,"2,241 / sq ft"
Under Construction,1240, 43.4 L,OWNER,Miyapur,3,"3,500 / sq ft"
Under Construction,1020, 35.7 L,OWNER,Miyapur,2,"3,500 / sq ft"
Under Construction,1160, 26 L,OWNER,muthangi,2,"2,241 / sq ft"
Under Construction,1170, 26 L,OWNER,muthangi,2,"2,222 / sq ft"
Under Construction,1570, 36 L,OWNER,muthangi,3,"2,292 / sq ft"
Under Construction,1160, 26 L,OWNER,muthangi,2,"2,241 / sq ft"
Under Construction,1160, 26 L,OWNER,muthangi,2,"2,241 / sq ft"
Under Construction,1530, 26 L,OWNER,muthangi,2,"1,699 / sq ft"
Under Construction,1160, 26 L,OWNER,muthangi,2,"2,241 / sq ft"
Under Construction,1160, 26 L,OWNER,muthangi,2,"2,241 / sq ft"
Under Construction,1530, 26 L,OWNER,muthangi,2,"1,699 / sq ft"
Under Construction,1160, 26 L,OWNER,muthangi,2,"2,241 / sq ft"
Under Construction,1020, 35.7 L,OWNER,Miyapur,2,"3,500 / sq ft"
Under Construction,1240, 43.4 L,OWNER,Miyapur,3,"3,500 / sq ft"
Under Construction,1240, 43.4 L,OWNER,Miyapur,3,"3,500 / sq ft"
Under Construction,1240, 43.4 L,OWNER,Miyapur,3,"3,500 / sq ft"
Under Construction,1570, 36 L,OWNER,muthangi,2,"2,292 / sq ft"
Under Construction,1570, 36 L,OWNER,muthangi,2,"2,292 / sq ft"
Under Construction,1570, 36 L,OWNER,muthangi,2,"2,292 / sq ft"
Under Construction,1570, 36 L,OWNER,muthangi,2,"2,292 / sq ft"
Under Construction,1570, 36 L,OWNER,muthangi,2,"2,292 / sq ft"
Under Construction,1570, 36 L,OWNER,muthangi,3,"2,292 / sq ft"
Under Construction,1570, 36 L,OWNER,muthangi,3,"2,292 / sq ft"
Under Construction,1570, 36 L,OWNER,muthangi,3,"2,292 / sq ft"
Under Construction,1570, 36 L,OWNER,muthangi,3,"2,292 / sq ft"
Under Construction,1570, 36 L,OWNER,muthangi,3,"2,292 / sq ft"
Under Construction,1570, 36 L,OWNER,muthangi,3,"2,292 / sq ft"
Under Construction,1170, 26 L,OWNER,muthangi,2,"2,222 / sq ft"
Under Construction,1170, 26 L,OWNER,muthangi,2,"2,222 / sq ft"
Under Construction,1170, 26 L,OWNER,muthangi,2,"2,222 / sq ft"
Under Construction,1170, 26 L,OWNER,muthangi,2,"2,222 / sq ft"
Ready to move,3000, 1.31 Cr,OWNER,AS Rao Nagar,3,"4,366 / sq ft"
Ready to move,3000, 1.31 Cr,OWNER,AS Rao Nagar,3,"4,366 / sq ft"
Ready to move,3000, 1.31 Cr,OWNER,AS Rao Nagar,3,"4,366 / sq ft"
Ready to move,3000, 1.31 Cr,OWNER,AS Rao Nagar,3,"4,366 / sq ft"
Ready to move,3000, 1.19 Cr,OWNER,AS Rao Nagar,3,"3,966 / sq ft"
Ready to move,3000, 1.31 Cr,OWNER,AS Rao Nagar,3,"4,366 / sq ft"
Under Construction,1300, 60 L,OWNER,Pasumamula,2,"4,615 / sq ft"
Under Construction,1300, 60 L,OWNER,Pasumamula,2,"4,615 / sq ft"
Under Construction,1300, 60 L,OWNER,Pasumamula,2,"4,615 / sq ft"
Under Construction,1300, 60 L,OWNER,Pasumamula,2,"4,615 / sq ft"
Under Construction,1300, 60 L,OWNER,Pasumamula,2,"4,615 / sq ft"
Under Construction,1300, 60 L,OWNER,Pasumamula,2,"4,615 / sq ft"
Under Construction,1300, 60 L,OWNER,Pasumamula,2,"4,615 / sq ft"
Under Construction,1800, 1 Cr,OWNER,Kondakal,4,"5,555 / sq ft"
Ready to move,1197, 62 L,OWNER,Chengicherla,2,"5,179 / sq ft"
Ready to move,1130, 53.72 L,OWNER,Karmanghat,2,"4,753 / sq ft"
Ready to move,870, 32 L,OWNER,Meerpet,2,"3,678 / sq ft"
Ready to move,1870, 1.66 Cr,OWNER,Nanakramguda,3,"8,877 / sq ft"
Ready to move,700, 26 L,OWNER,Manikonda,2,"3,714 / sq ft"
Ready to move,1197, 62 L,OWNER,Chengicherla,2,"5,179 / sq ft"
Ready to move,1220, 65 L,OWNER,Suchitra,2,"5,327 / sq ft"
Under Construction,1595, 35 L,OWNER,muthangi,3,"2,194 / sq ft"
Under Construction,1595, 35 L,OWNER,muthangi,3,"2,194 / sq ft"
Ready to move,864, 32 L,OWNER,Jeedimetla,2,"3,703 / sq ft"
Ready to move,864, 32 L,OWNER,Jeedimetla,2,"3,703 / sq ft"
Under Construction,1170, 26 L,OWNER,muthangi,2,"2,222 / sq ft"
Under Construction,1170, 26 L,OWNER,muthangi,2,"2,222 / sq ft"
Under Construction,1170, 26 L,OWNER,muthangi,2,"2,222 / sq ft"
Under Construction,1170, 26 L,OWNER,muthangi,2,"2,222 / sq ft"
Under Construction,1595, 35 L,OWNER,muthangi,3,"2,194 / sq ft"
Under Construction,1595, 35 L,OWNER,muthangi,3,"2,194 / sq ft"
Under Construction,1595, 35 L,OWNER,muthangi,3,"2,194 / sq ft"
Under Construction,1595, 35 L,OWNER,muthangi,3,"2,194 / sq ft"
Under Construction,1170, 26 L,OWNER,muthangi,2,"2,222 / sq ft"
Under Construction,1170, 26 L,OWNER,muthangi,2,"2,222 / sq ft"
Under Construction,1170, 26 L,OWNER,muthangi,2,"2,222 / sq ft"
Under Construction,1595, 35 L,OWNER,muthangi,3,"2,194 / sq ft"
Under Construction,1595, 35 L,OWNER,muthangi,3,"2,194 / sq ft"
Under Construction,1170, 26 L,OWNER,muthangi,2,"2,222 / sq ft"
Under Construction,1595, 35 L,OWNER,muthangi,3,"2,194 / sq ft"
Under Construction,1595, 35 L,OWNER,muthangi,3,"2,194 / sq ft"
Under Construction,1170, 26 L,OWNER,muthangi,2,"2,222 / sq ft"
Under Construction,1170, 26 L,OWNER,muthangi,2,"2,222 / sq ft"
Under Construction,1170, 26 L,OWNER,muthangi,2,"2,222 / sq ft"
Under Construction,1595, 35 L,OWNER,muthangi,3,"2,194 / sq ft"
Under Construction,1595, 35 L,OWNER,muthangi,3,"2,194 / sq ft"
Under Construction,1170, 26 L,OWNER,muthangi,2,"2,222 / sq ft"
Under Construction,1170, 26 L,OWNER,muthangi,2,"2,222 / sq ft"
Under Construction,1170, 26 L,OWNER,muthangi,2,"2,222 / sq ft"
Ready to move,1220, 65 L,OWNER,Suchitra,2,"5,327 / sq ft"
Ready to move,864, 32 L,OWNER,Jeedimetla,2,"3,703 / sq ft"
Resale,1500, 28 L,OWNER,Shankarpalli,Residential Plot,"1,866 / sq ft"
Resale,1850, 24 L,OWNER,Desh Mukhi,Residential Plot,"1,297 / sq ft"
Ready to move,1200, 57 L,OWNER,Alwal,2,"4,750 / sq ft"
Under Construction,1310, 56 L,OWNER,Vanasthalipuram,3,"4,274 / sq ft"
Under Construction,1945, 54.44 L,OWNER,Kompally,3,"2,798 / sq ft"
Under Construction,1945, 54.44 L,OWNER,Kompally,3,"2,798 / sq ft"
Under Construction,1945, 54.44 L,OWNER,Kompally,3,"2,798 / sq ft"
Under Construction,1945, 54.44 L,OWNER,Kompally,3,"2,798 / sq ft"
Under Construction,1182, 50 L,OWNER,Shankarpalli,2,"4,230 / sq ft"
Under Construction,1182, 50 L,OWNER,Shankarpalli,2,"4,230 / sq ft"
Under Construction,1182, 50 L,OWNER,Shankarpalli,2,"4,230 / sq ft"
Under Construction,1182, 50 L,OWNER,Shankarpalli,2,"4,230 / sq ft"
Under Construction,1182, 50 L,OWNER,Shankarpalli,2,"4,230 / sq ft"
Under Construction,1182, 50 L,OWNER,Shankarpalli,2,"4,230 / sq ft"
Under Construction,1182, 50 L,OWNER,Shankarpalli,2,"4,230 / sq ft"
Under Construction,1182, 50 L,OWNER,Shankarpalli,2,"4,230 / sq ft"
Under Construction,1182, 50 L,OWNER,Shankarpalli,2,"4,230 / sq ft"
Under Construction,1182, 50 L,OWNER,Shankarpalli,2,"4,230 / sq ft"
Under Construction,1182, 50 L,OWNER,Shankarpalli,2,"4,230 / sq ft"
Under Construction,1182, 50 L,OWNER,Shankarpalli,2,"4,230 / sq ft"
Ready to move,1470, 69.7 L,OWNER,Bachupally,3,"4,741 / sq ft"
Ready to move,1470, 69.5 L,OWNER,Bachupally,3,"4,727 / sq ft"
Under Construction,1945, 54.44 L,OWNER,Kompally,3,"2,798 / sq ft"
Under Construction,1945, 54.44 L,OWNER,Kompally,3,"2,798 / sq ft"
Under Construction,1945, 54.44 L,OWNER,Kompally,3,"2,798 / sq ft"
Under Construction,1945, 54.44 L,OWNER,Kompally,3,"2,798 / sq ft"
Under Construction,1945, 54.44 L,OWNER,Kompally,3,"2,798 / sq ft"
Under Construction,1945, 54.44 L,OWNER,Kompally,3,"2,798 / sq ft"
Resale,450, 43 L,OWNER,Gachibowli,Residential Plot,"9,555 / sq ft"
Resale,1530, 23 L,OWNER,Shankarpalli,Residential Plot,"1,503 / sq ft"
Under Construction,2000, 90 L,OWNER,Malkajgiri,4,"4,500 / sq ft"
Ready to move,1525, 90 L,OWNER,East Marredpally,3,"5,901 / sq ft"
Resale,1314, 6.57 L,OWNER,Shadnagar,Residential Plot,500 / sq ft
Under Construction,1200, 35 L,OWNER,Pragathi Nagar Kukatpally,2,"2,916 / sq ft"
Under Construction,1228, 65 L,OWNER,Tellapur,2,"5,293 / sq ft"
Ready to move,2520, 2.3 Cr,OWNER,Balapur,4,"9,126 / sq ft"
Ready to move,947, 30 L,OWNER,Bandlaguda Jagir,2,"3,167 / sq ft"
Under Construction,1142, 52.96 L,OWNER,Shankarpalli,2,"4,637 / sq ft"
Ready to move,1100, 1.05 Cr,OWNER,Bandlaguda Jagir,2,"9,545 / sq ft"
Ready to move,1100, 1.05 Cr,OWNER,Bandlaguda Jagir,2,"9,545 / sq ft"
Ready to move,1100, 1.05 Cr,OWNER,Bandlaguda Jagir,2,"9,545 / sq ft"
Ready to move,1120, 66 L,OWNER,Pedda Amberpet,2,"5,892 / sq ft"
Ready to move,950, 40 L,OWNER,Sainikpuri,2,"4,210 / sq ft"
Ready to move,950, 40 L,OWNER,Sainikpuri,2,"4,210 / sq ft"
Under Construction,930, 45 L,OWNER,Patancheru,2,"4,838 / sq ft"
Under Construction,930, 45 L,OWNER,Patancheru,2,"4,838 / sq ft"
Under Construction,930, 45 L,OWNER,Patancheru,2,"4,838 / sq ft"
Under Construction,930, 45 L,OWNER,Patancheru,2,"4,838 / sq ft"
Under Construction,930, 45 L,OWNER,Patancheru,2,"4,838 / sq ft"
Ready to move,950, 40 L,OWNER,Sainikpuri,2,"4,210 / sq ft"
Ready to move,950, 40 L,OWNER,Sainikpuri,2,"4,210 / sq ft"
Ready to move,1090, 59.5 L,OWNER,Moosarambagh Road,2,"5,458 / sq ft"
Ready to move,3500, 1.8 Cr,OWNER,Kukatpally,6,"5,142 / sq ft"
Ready to move,3500, 1.8 Cr,OWNER,Kukatpally,6,"5,142 / sq ft"
Ready to move,3500, 1.8 Cr,OWNER,Kukatpally,6,"5,142 / sq ft"
Ready to move,3500, 1.8 Cr,OWNER,Kukatpally,6,"5,142 / sq ft"
Ready to move,3500, 1.8 Cr,OWNER,Kukatpally,6,"5,142 / sq ft"
Ready to move,3500, 1.8 Cr,OWNER,Kukatpally,6,"5,142 / sq ft"
Ready to move,3500, 1.8 Cr,OWNER,Kukatpally,6,"5,142 / sq ft"
Ready to move,3500, 1.8 Cr,OWNER,Kukatpally,6,"5,142 / sq ft"
Ready to move,3500, 1.8 Cr,OWNER,Kukatpally,6,"5,142 / sq ft"
Ready to move,3500, 1.8 Cr,OWNER,Kukatpally,6,"5,142 / sq ft"
Ready to move,3500, 1.8 Cr,OWNER,Kukatpally,6,"5,142 / sq ft"
Ready to move,3500, 1.8 Cr,OWNER,Kukatpally,6,"5,142 / sq ft"
Ready to move,3500, 1.8 Cr,OWNER,Kukatpally,6,"5,142 / sq ft"
Ready to move,3500, 1.8 Cr,OWNER,Kukatpally,6,"5,142 / sq ft"
Ready to move,3500, 1.8 Cr,OWNER,Kukatpally,6,"5,142 / sq ft"
Ready to move,3500, 1.8 Cr,OWNER,Kukatpally,6,"5,142 / sq ft"
Ready to move,3500, 1.8 Cr,OWNER,Kukatpally,6,"5,142 / sq ft"
Ready to move,1032, 1.5 Cr,OWNER,Osman Nagar,2,"14,534 / sq ft"
Under Construction,1600, 40 L,OWNER,Bhanur,3,"2,500 / sq ft"
Under Construction,1600, 40 L,OWNER,Bhanur,3,"2,500 / sq ft"
Ready to move,1032, 1.5 Cr,OWNER,Osman Nagar,2,"14,534 / sq ft"
Ready to move,1032, 1.5 Cr,OWNER,Osman Nagar,2,"14,534 / sq ft"
Ready to move,1032, 1.5 Cr,OWNER,Osman Nagar,2,"14,534 / sq ft"
Resale,1566, 20 L,OWNER,Kothur Patti Digwal,Residential Plot,"1,277 / sq ft"
Resale,1566, 20 L,OWNER,Kothur Patti Digwal,Residential Plot,"1,277 / sq ft"
Resale,1566, 20 L,OWNER,Kothur Patti Digwal,Residential Plot,"1,277 / sq ft"
Resale,1566, 20 L,OWNER,Kothur Patti Digwal,Residential Plot,"1,277 / sq ft"
Resale,1566, 20 L,OWNER,Kothur Patti Digwal,Residential Plot,"1,277 / sq ft"
Resale,1800, 36 L,OWNER,Nagole,Residential Plot,"2,000 / sq ft"
Ready to move,2325, 84.5 L,OWNER,Mettuguda,3,"3,634 / sq ft"
Under Construction,1000, 35 L,OWNER,Patancheru,2,"3,500 / sq ft"
Resale,1800, 48 L,OWNER,Bhanur,Residential Plot,"2,666 / sq ft"
Ready to move,990, 58 L,OWNER,Badangpet,2,"5,858 / sq ft"
Under Construction,1250, 30 L,OWNER,Kollur,2,"2,400 / sq ft"
Under Construction,1200, 44 L,OWNER,Pragathi Nagar Kukatpally,2,"3,666 / sq ft"
Under Construction,1200, 44 L,OWNER,Pragathi Nagar Kukatpally,2,"3,666 / sq ft"
Under Construction,1200, 44 L,OWNER,Pragathi Nagar Kukatpally,2,"3,666 / sq ft"
Under Construction,1200, 44 L,OWNER,Pragathi Nagar Kukatpally,2,"3,666 / sq ft"
Under Construction,1250, 30 L,OWNER,Kollur,2,"2,400 / sq ft"
Resale,1575, 30 L,OWNER,Kothur,Residential Plot,"1,904 / sq ft"
Resale,1575, 30 L,OWNER,Kothur,Residential Plot,"1,904 / sq ft"
Ready to move,1515, 82 L,OWNER,Kondapur,3,"5,412 / sq ft"
Ready to move,1515, 82 L,OWNER,Kondapur,3,"5,412 / sq ft"
Ready to move,1145, 87 L,OWNER,Kukatpally,2,"7,598 / sq ft"
Ready to move,2005, 3 Cr,OWNER,Kompally,3,"14,962 / sq ft"
Ready to move,1900, 91 L,OWNER,Bollaram,3,"4,789 / sq ft"
Ready to move,1515, 82 L,OWNER,Kondapur,3,"5,412 / sq ft"
Under Construction,4000, 2.2 Cr,OWNER,Mokila,6,"5,500 / sq ft"
Under Construction,4000, 2.2 Cr,OWNER,Mokila,6,"5,500 / sq ft"
Under Construction,4000, 2.2 Cr,OWNER,Mokila,6,"5,500 / sq ft"
Under Construction,4000, 2.2 Cr,OWNER,Mokila,6,"5,500 / sq ft"
Under Construction,4000, 2.2 Cr,OWNER,Mokila,6,"5,500 / sq ft"
Ready to move,1100, 22 L,OWNER,Shamirpet,2,"2,000 / sq ft"
Ready to move,750, 40 L,OWNER,LB Nagar,2,"5,333 / sq ft"
Ready to move,1040, 29.5 L,OWNER,Pragathi Nagar Kukatpally,2,"2,836 / sq ft"
Resale,2727, 18.18 L,OWNER,Chevella,Residential Plot,666 / sq ft
Resale,2727, 18.18 L,OWNER,Chevella,Residential Plot,666 / sq ft
Resale,2727, 18.18 L,OWNER,Chevella,Residential Plot,666 / sq ft
Resale,2727, 18.18 L,OWNER,Chevella,Residential Plot,666 / sq ft
Resale,2727, 18.18 L,OWNER,Chevella,Residential Plot,666 / sq ft
Resale,2727, 18.18 L,OWNER,Chevella,Residential Plot,666 / sq ft
Resale,2727, 18.18 L,OWNER,Chevella,Residential Plot,666 / sq ft
Resale,2727, 18.18 L,OWNER,Chevella,Residential Plot,666 / sq ft
Resale,2727, 18.18 L,OWNER,Chevella,Residential Plot,666 / sq ft
Resale,2727, 18.18 L,OWNER,Chevella,Residential Plot,666 / sq ft
Resale,2727, 18.18 L,OWNER,Chevella,Residential Plot,666 / sq ft
Resale,2727, 18.18 L,OWNER,Chevella,Residential Plot,666 / sq ft
Resale,2727, 18.18 L,OWNER,Chevella,Residential Plot,666 / sq ft
Resale,2727, 18.18 L,OWNER,Chevella,Residential Plot,666 / sq ft
Resale,2727, 18.18 L,OWNER,Chevella,Residential Plot,666 / sq ft
Resale,2727, 18.18 L,OWNER,Chevella,Residential Plot,666 / sq ft
Resale,2727, 18.18 L,OWNER,Chevella,Residential Plot,666 / sq ft
Resale,2727, 18.18 L,OWNER,Chevella,Residential Plot,666 / sq ft
Resale,2727, 18.18 L,OWNER,Chevella,Residential Plot,666 / sq ft
Under Construction,1230, 43.05 L,OWNER,Miyapur,3,"3,500 / sq ft"
Under Construction,1150, 38.5 L,OWNER,Aminpur,2,"3,347 / sq ft"
Under Construction,1590, 56.65 L,OWNER,Chandanagar,3,"3,562 / sq ft"
Under Construction,1605, 56.17 L,OWNER,Miyapur,2,"3,500 / sq ft"
Under Construction,1595, 55.82 L,OWNER,Chandanagar Vill,3,"3,500 / sq ft"
Under Construction,1340, 46.9 L,OWNER,Chandanagar Vill,2,"3,500 / sq ft"
Under Construction,1025, 35.87 L,OWNER,Miyapur,2,"3,500 / sq ft"
Under Construction,1060, 37.1 L,OWNER,Miyapur,2,"3,500 / sq ft"
Under Construction,1230, 43.05 L,OWNER,Miyapur,2,"3,500 / sq ft"
Under Construction,1100, 38.5 L,OWNER,Miyapur,2,"3,500 / sq ft"
Under Construction,1530, 53.55 L,OWNER,Miyapur,3,"3,500 / sq ft"
Ready to move,1450, 85 L,OWNER,Madhapur,3,"5,862 / sq ft"
Ready to move,1450, 85 L,OWNER,Madhapur,3,"5,862 / sq ft"
Ready to move,1450, 85 L,OWNER,Madhapur,3,"5,862 / sq ft"
Ready to move,1450, 85 L,OWNER,Madhapur,3,"5,862 / sq ft"
Ready to move,1450, 85 L,OWNER,Madhapur,3,"5,862 / sq ft"
Ready to move,1450, 85 L,OWNER,Madhapur,3,"5,862 / sq ft"
Ready to move,1450, 85 L,OWNER,Madhapur,3,"5,862 / sq ft"
Ready to move,1450, 85 L,OWNER,Madhapur,3,"5,862 / sq ft"
Ready to move,1450, 85 L,OWNER,Madhapur,3,"5,862 / sq ft"
Ready to move,1450, 85 L,OWNER,Madhapur,3,"5,862 / sq ft"
Ready to move,1450, 85 L,OWNER,Madhapur,3,"5,862 / sq ft"
Under Construction,2600, 1.43 Cr,OWNER,Mokila,6,"5,500 / sq ft"
Resale,3600, 98 L,OWNER,Kundanpally,Residential Plot,"2,722 / sq ft"
Resale,3600, 98 L,OWNER,Kundanpally,Residential Plot,"2,722 / sq ft"
Resale,3600, 98 L,OWNER,Kundanpally,Residential Plot,"2,722 / sq ft"
Resale,3600, 98 L,OWNER,Kundanpally,Residential Plot,"2,722 / sq ft"
Resale,3600, 98 L,OWNER,Kundanpally,Residential Plot,"2,722 / sq ft"
Resale,3600, 98 L,OWNER,Kundanpally,Residential Plot,"2,722 / sq ft"
Resale,1450, 27 L,OWNER,Kothur,Residential Plot,"1,862 / sq ft"
Ready to move,2800, 2.5 Cr,OWNER,Habsiguda,5,"8,928 / sq ft"
Ready to move,1015, 55 L,OWNER,Ramachandra Puram,2,"5,418 / sq ft"
Ready to move,1450, 66 L,OWNER,Nagaram Hyderabad South,3,"4,551 / sq ft"
Resale,2700, 1.13 Cr,OWNER,Almasguda,Residential Plot,"4,211 / sq ft"
Resale,2700, 1.13 Cr,OWNER,Almasguda,Residential Plot,"4,211 / sq ft"
Resale,2700, 1.13 Cr,OWNER,Almasguda,Residential Plot,"4,211 / sq ft"
Resale,2700, 1.13 Cr,OWNER,Almasguda,Residential Plot,"4,211 / sq ft"
Resale,2700, 1.13 Cr,OWNER,Almasguda,Residential Plot,"4,211 / sq ft"
Resale,2700, 1.13 Cr,OWNER,Almasguda,Residential Plot,"4,211 / sq ft"
Resale,2700, 1.13 Cr,OWNER,Almasguda,Residential Plot,"4,211 / sq ft"
Resale,2700, 1.13 Cr,OWNER,Almasguda,Residential Plot,"4,211 / sq ft"
Resale,2700, 1.13 Cr,OWNER,Almasguda,Residential Plot,"4,211 / sq ft"
Resale,2700, 1.13 Cr,OWNER,Almasguda,Residential Plot,"4,211 / sq ft"
Resale,2700, 1.13 Cr,OWNER,Almasguda,Residential Plot,"4,211 / sq ft"
Resale,2700, 1.13 Cr,OWNER,Almasguda,Residential Plot,"4,211 / sq ft"
Ready to move,1550, 72 L,OWNER,Godumakunta,2,"4,645 / sq ft"
Ready to move,1126, 80 L,OWNER,Kukatpally,2,"7,104 / sq ft"
Under Construction,1020, 37 L,OWNER,Chandanagar,2,"3,627 / sq ft"
Resale,2925, 80 L,OWNER,Shamirpet,Residential Plot,"2,735 / sq ft"
Resale,3285, 45 L,OWNER,Gollur,Residential Plot,"1,369 / sq ft"
Resale,3285, 45 L,OWNER,Gollur,Residential Plot,"1,369 / sq ft"
Resale,3285, 45 L,OWNER,Gollur,Residential Plot,"1,369 / sq ft"
Resale,3285, 45 L,OWNER,Gollur,Residential Plot,"1,369 / sq ft"
Resale,3285, 45 L,OWNER,Gollur,Residential Plot,"1,369 / sq ft"
Resale,3285, 45 L,OWNER,Gollur,Residential Plot,"1,369 / sq ft"
Resale,2160, 20 L,OWNER,Kothur,Residential Plot,925 / sq ft
Ready to move,1515, 86 L,OWNER,Kondapur,3,"5,676 / sq ft"
Under Construction,1125, 47.5 L,OWNER,Yapral,2,"4,222 / sq ft"
Under Construction,1654, 77.98 L,OWNER,Hayathnagar,3,"4,715 / sq ft"
Ready to move,1700, 92.5 L,OWNER,Kompally,3,"5,441 / sq ft"
Ready to move,755, 40 L,OWNER,LB Nagar,2,"5,298 / sq ft"
Under Construction,1170, 35 L,OWNER,Kollur,2,"2,991 / sq ft"
Ready to move,755, 40 L,OWNER,LB Nagar,2,"5,298 / sq ft"
Ready to move,755, 40 L,OWNER,LB Nagar,2,"5,298 / sq ft"
Under Construction,1170, 35 L,OWNER,Kollur,2,"2,991 / sq ft"
Ready to move,755, 40 L,OWNER,LB Nagar,2,"5,298 / sq ft"
Ready to move,4735, 3.8 Cr,OWNER,Mehdipatnam,10,"8,025 / sq ft"
Ready to move,1250, 57 L,OWNER,Nadergul,2,"4,560 / sq ft"
Ready to move,1250, 57 L,OWNER,Nadergul,2,"4,560 / sq ft"
Ready to move,1250, 57 L,OWNER,Nadergul,2,"4,560 / sq ft"
Resale,1040, 36.5 L,OWNER,Chevella,Residential Plot,"3,509 / sq ft"
Resale,2727, 18.18 L,OWNER,Chevella,Residential Plot,666 / sq ft
Resale,2727, 18.18 L,OWNER,Chevella,Residential Plot,666 / sq ft
Resale,2727, 18.18 L,OWNER,Chevella,Residential Plot,666 / sq ft
Resale,2727, 18.18 L,OWNER,Chevella,Residential Plot,666 / sq ft
Resale,1040, 36.5 L,OWNER,Chevella,Residential Plot,"3,509 / sq ft"
Resale,1040, 36.5 L,OWNER,Chevella,Residential Plot,"3,509 / sq ft"
Ready to move,1592, 1.09 Cr,AGENT,Kukatpally,3,"6,900 / sq ft"
Under Construction,1426, 94.11 L,AGENT,Kukatpally,2,"6,600 / sq ft"
Under Construction,1150, 39.74 L,OWNER,Pragathi Nagar Kukatpally,2,"3,456 / sq ft"
Under Construction,1200, 41.47 L,OWNER,Pragathi Nagar Kukatpally,2,"3,456 / sq ft"
Ready to move,1250, 57 L,OWNER,Nadergul,2,"4,560 / sq ft"
Ready to move,1250, 57 L,OWNER,Nadergul,2,"4,560 / sq ft"
Resale,2700, 15 L,OWNER,Bhuvanagiri,Residential Plot,555 / sq ft
Ready to move,1142, 36 L,OWNER,Nagaram,2,"3,152 / sq ft"
Ready to move,2160, 76.89 L,OWNER,Patancheru,4,"3,560 / sq ft"
Under Construction,2700, 1.16 Cr,OWNER,Bachupally,3,"4,332 / sq ft"
Under Construction,1585, 42.75 L,OWNER,Kompally,3,"2,697 / sq ft"
Under Construction,1585, 42.75 L,OWNER,Kompally,3,"2,697 / sq ft"
Resale,2700, 36 L,OWNER,Bibinagar,Residential Plot,"1,333 / sq ft"
Resale,2700, 36 L,OWNER,Bibinagar,Residential Plot,"1,333 / sq ft"
Resale,2700, 36 L,OWNER,Bibinagar,Residential Plot,"1,333 / sq ft"
Resale,2700, 36 L,OWNER,Bibinagar,Residential Plot,"1,333 / sq ft"
Resale,1800, 34 L,OWNER,Ibrahimpatnam,Residential Plot,"1,888 / sq ft"
Resale,1800, 34 L,OWNER,Ibrahimpatnam,Residential Plot,"1,888 / sq ft"
Resale,1800, 34 L,OWNER,Ibrahimpatnam,Residential Plot,"1,888 / sq ft"
Resale,1800, 34 L,OWNER,Ibrahimpatnam,Residential Plot,"1,888 / sq ft"
Resale,1800, 34 L,OWNER,Ibrahimpatnam,Residential Plot,"1,888 / sq ft"
Under Construction,819, 31.94 L,AGENT,Nizampet,2,"3,900 / sq ft"
Under Construction,2230, 1.65 Cr,OWNER,Kollur,3,"7,399 / sq ft"
Under Construction,2230, 1.65 Cr,OWNER,Kollur,3,"7,399 / sq ft"
Under Construction,2230, 1.65 Cr,OWNER,Kollur,3,"7,399 / sq ft"
Under Construction,2230, 1.65 Cr,OWNER,Kollur,3,"7,399 / sq ft"
Under Construction,2230, 1.65 Cr,OWNER,Kollur,3,"7,399 / sq ft"
Under Construction,2230, 1.65 Cr,OWNER,Kollur,3,"7,399 / sq ft"
Under Construction,2230, 1.65 Cr,OWNER,Kollur,3,"7,399 / sq ft"
Under Construction,2230, 1.65 Cr,OWNER,Kollur,3,"7,399 / sq ft"
Under Construction,2230, 1.65 Cr,OWNER,Kollur,3,"7,399 / sq ft"
Under Construction,2230, 1.65 Cr,OWNER,Kollur,3,"7,399 / sq ft"
Under Construction,2230, 1.65 Cr,OWNER,Kollur,3,"7,399 / sq ft"
Under Construction,2230, 1.65 Cr,OWNER,Kollur,3,"7,399 / sq ft"
Ready to move,2500, 1 Cr,OWNER,Balapur,7,"4,000 / sq ft"
Resale,1800, 24 L,OWNER,Yacharam,Residential Plot,"1,333 / sq ft"
Resale,1800, 24 L,OWNER,Yacharam,Residential Plot,"1,333 / sq ft"
Resale,1800, 24 L,OWNER,Yacharam,Residential Plot,"1,333 / sq ft"
Ready to move,1360, 66 L,OWNER,Rampally,2,"4,852 / sq ft"
Ready to move,1020, 44 L,OWNER,Miyapur,2,"4,313 / sq ft"
Under Construction,1580, 70 L,OWNER,Neknampur,3,"4,430 / sq ft"
Ready to move,1460, 70 L,OWNER,Bachupally,3,"4,794 / sq ft"
Ready to move,1460, 70 L,OWNER,Bachupally,3,"4,794 / sq ft"
Ready to move,1170, 45 L,OWNER,Nizampet,2,"3,846 / sq ft"
Ready to move,1170, 45 L,OWNER,Nizampet,2,"3,846 / sq ft"
Ready to move,1156, 82 L,OWNER,Gachibowli,2,"7,093 / sq ft"
Ready to move,2400, 1.3 Cr,OWNER,AS Rao Nagar,6,"5,416 / sq ft"
Ready to move,1170, 45 L,OWNER,Nizampet,2,"3,846 / sq ft"
Ready to move,1170, 45 L,OWNER,Nizampet,2,"3,846 / sq ft"
Under Construction,1615, 48.45 L,AGENT,Balanagar,3,"3,000 / sq ft"
Under Construction,2120, 1.14 Cr,AGENT,Kokapet,3,Price
Under Construction,1200, 42 L,AGENT,Madhapur,3,"3,500 / sq ft"
Under Construction,629, 12.5 L,AGENT,Tukkuguda,1,"1,987 / sq ft"
Under Construction,1300, 29 L,AGENT,Shamirpet,3,"2,230 / sq ft"
Under Construction,980, 21 L,AGENT,Shamirpet,2,"2,142 / sq ft"
Ready to move,3431, 2.8 Cr,AGENT,Narsingi,4,"8,160 / sq ft"
Under Construction,1600, 67.2 L,AGENT,Manchirevula,3,"4,200 / sq ft"
Under Construction,1700, 71.4 L,AGENT,Manchirevula,3,"4,200 / sq ft"
Under Construction,2000, 84 L,AGENT,Manchirevula,3,"4,200 / sq ft"
Under Construction,2200, 92.4 L,AGENT,Hitech City,3,"4,200 / sq ft"
Under Construction,3013, 1.26 Cr,AGENT,Kokapet,3,"4,200 / sq ft"
Under Construction,1641, 68.92 L,AGENT,Nanakramguda,2,"4,200 / sq ft"
Under Construction,1800, 81 L,AGENT,Hitech City,3,"4,500 / sq ft"
Under Construction,2201, 92.44 L,AGENT,Nanakramguda,3,"4,200 / sq ft"
Under Construction,2603, 1.09 Cr,AGENT,Kokapet,3,"4,200 / sq ft"
Under Construction,2608, 1.09 Cr,AGENT,Kokapet,3,"4,200 / sq ft"
Under Construction,2803, 1.17 Cr,AGENT,Kokapet,3,"4,200 / sq ft"
Under Construction,2804, 1.17 Cr,AGENT,Kokapet,3,"4,200 / sq ft"
Under Construction,3015, 1.26 Cr,AGENT,Kokapet,3,"4,200 / sq ft"
Under Construction,1600, 67.2 L,AGENT,Kokapet,3,"4,200 / sq ft"
Under Construction,2400, 1.08 Cr,AGENT,Hitech City,3,"4,500 / sq ft"
Under Construction,4000, 1.68 Cr,AGENT,Kokapet,3,"4,200 / sq ft"
Under Construction,1300, 54.6 L,AGENT,Hitech City,2,"4,200 / sq ft"
Under Construction,1600, 67.2 L,AGENT,Nanakramguda,3,"4,200 / sq ft"
Under Construction,1360, 57.12 L,AGENT,Nanakramguda,2,"4,200 / sq ft"
Under Construction,1360, 57.12 L,AGENT,Hitech City,2,"4,200 / sq ft"
Under Construction,2800, 1.17 Cr,AGENT,Hitech City,3,"4,200 / sq ft"
Under Construction,2000, 84 L,AGENT,Hitech City,3,"4,200 / sq ft"
Under Construction,1860, 78.12 L,AGENT,Nanakramguda,3,"4,200 / sq ft"
Under Construction,2076, 1.14 Cr,AGENT,Bachupally,3,"5,500 / sq ft"
Under Construction,2000, 84 L,AGENT,Kokapet,3,"4,200 / sq ft"
Under Construction,2601, 1.56 Cr,AGENT,Nanakramguda,3,"5,999 / sq ft"
Under Construction,2400, 1.43 Cr,AGENT,Nanakramguda,3,"5,999 / sq ft"
Under Construction,2201, 1.32 Cr,AGENT,Nanakramguda,3,"5,999 / sq ft"
Under Construction,4001, 2.4 Cr,AGENT,Nanakramguda,3,"5,999 / sq ft"
Under Construction,3000, 1.79 Cr,AGENT,Nanakramguda,3,"5,999 / sq ft"
Under Construction,4000, 2.39 Cr,AGENT,Nanakramguda,3,"5,999 / sq ft"
Under Construction,1600, 95.98 L,AGENT,Narsingi,3,"5,999 / sq ft"
Under Construction,1800, 1.07 Cr,AGENT,Manchirevula,3,"5,999 / sq ft"
Under Construction,2000, 1.19 Cr,AGENT,Nanakramguda,3,"5,999 / sq ft"
Under Construction,2400, 1.43 Cr,AGENT,Nanakramguda,3,"5,999 / sq ft"
Under Construction,2400, 1.43 Cr,AGENT,Manchirevula,3,"5,999 / sq ft"
Under Construction,1300, 77.98 L,AGENT,Manchirevula,2,"5,999 / sq ft"
Under Construction,4000, 2.39 Cr,AGENT,Nanakramguda,4,"5,999 / sq ft"
Under Construction,1300, 77.98 L,AGENT,Nanakramguda,2,"5,999 / sq ft"
Under Construction,1800, 1.07 Cr,AGENT,Nanakramguda,3,"5,999 / sq ft"
Under Construction,3000, 1.79 Cr,AGENT,Kokapet,4,"5,999 / sq ft"
Under Construction,1345, 80.68 L,AGENT,Kokapet,2,"5,999 / sq ft"
Ready to move,1129, 67.72 L,AGENT,Mokila,2,"5,999 / sq ft"
Under Construction,1000, 59.99 L,AGENT,Taramatipet,2,"5,999 / sq ft"
Under Construction,2400, 1.43 Cr,AGENT,Hitech City,3,"5,999 / sq ft"
Under Construction,1800, 1.07 Cr,AGENT,Hitech City,3,"5,999 / sq ft"
Under Construction,2800, 1.67 Cr,AGENT,Kokapet,3,"5,999 / sq ft"
Under Construction,3000, 1.79 Cr,AGENT,Kokapet,3,"5,999 / sq ft"
Under Construction,2600, 1.55 Cr,AGENT,Kokapet,3,"5,999 / sq ft"
Under Construction,1000, 59.99 L,AGENT,Taramatipet,2,"5,999 / sq ft"
Under Construction,1300, 77.98 L,AGENT,Kokapet,2,"5,999 / sq ft"
Under Construction,2000, 1.19 Cr,AGENT,Manchirevula,3,"5,999 / sq ft"
Under Construction,3000, 1.79 Cr,AGENT,Hitech City,4,"5,999 / sq ft"
Under Construction,3900, 2.33 Cr,AGENT,Manchirevula,4,"5,999 / sq ft"
Ready to move,2700, 2.6 Cr,AGENT,Tellapur,4,"9,629 / sq ft"
Under Construction,1300, 77.98 L,AGENT,Hitech City,2,"5,999 / sq ft"
Ready to move,3501, 3.24 Cr,OWNER,Bowenpally,7,"9,254 / sq ft"
Ready to move,3400, 1.8 Cr,OWNER,Old Bowenpally,8,"5,294 / sq ft"
Under Construction,1610, 64.4 L,AGENT,Alwal,3,"4,000 / sq ft"
Ready to move,1215, 74 L,OWNER,Miyapur,2,"6,090 / sq ft"
Ready to move,1525, 92 L,OWNER,Kondapur,3,"6,032 / sq ft"
Under Construction,1325, 33.12 L,AGENT,Hakimpet Hyderabad Karimnagar Highway,2,"2,500 / sq ft"
Resale,2700, 35 L,OWNER,Ghatkesar,Residential Plot,"1,296 / sq ft"
Ready to move,1080, 46.44 L,OWNER,Miyapur,2,"4,300 / sq ft"
Under Construction,1900, 1.5 Cr,OWNER,Bhanur,3,"7,894 / sq ft"
Ready to move,1620, 78 L,OWNER,Dammaiguda,2,"4,814 / sq ft"
Ready to move,2030, 1.45 Cr,OWNER,Ramachandra Puram,3,"7,142 / sq ft"
Ready to move,900, 49 L,OWNER,Nizampet,2,"5,444 / sq ft"
Ready to move,1500, 82 L,OWNER,Bandlaguda Jagir,3,"5,466 / sq ft"
Under Construction,1780, 1.15 Cr,OWNER,Madhapur,3,"6,500 / sq ft"
Under Construction,3237, 1.78 Cr,OWNER,Mokila,3,"5,498 / sq ft"
Ready to move,3240, 4.6 Cr,OWNER,Kukatpally,4,"14,197 / sq ft"
Resale,1800, 56 L,OWNER,Patancheru,Residential Plot,"3,111 / sq ft"
Ready to move,1800, 1.4 Cr,OWNER,Alwal,2,"7,777 / sq ft"
Under Construction,1350, 78.5 L,AGENT,Kukatpally,3,"5,814 / sq ft"
Under Construction,1350, 78 L,AGENT,Kukatpally,3,"5,777 / sq ft"
Resale,200, 86 L,AGENT,Narapally,Residential Plot,"43,000 / sq ft"
Resale,220, 99 L,AGENT,Narapally,Residential Plot,"45,000 / sq ft"
Resale,1800, 29.99 L,AGENT,Bhuvanagiri,Residential Plot,"1,666 / sq ft"
New,1800, 30 L,AGENT,Bhuvanagiri,Residential Plot,"1,666 / sq ft"
Resale,2925, 43.87 L,AGENT,Ghatkesar,Residential Plot,"1,499 / sq ft"
Under Construction,1170, 37 L,OWNER,Kollur,2,"3,162 / sq ft"
Under Construction,1100, 24.18 L,OWNER,Shamirpet,2,"2,199 / sq ft"
Under Construction,1833, 1.05 Cr,OWNER,Hastinapuram,3,"5,728 / sq ft"
Ready to move,650, 24 L,OWNER,Maruthi Nagar,1,"3,692 / sq ft"
Ready to move,1928, 1.6 Cr,OWNER,Narayanguda,3,"8,298 / sq ft"
Ready to move,1800, 2 Cr,OWNER,Malakpet,3,"11,111 / sq ft"
Ready to move,1614, 75 L,OWNER,Sainikpuri,3,"4,646 / sq ft"
Under Construction,2240, 1.23 Cr,OWNER,Narsingi,3,"5,491 / sq ft"
Ready to move,3200, 75 L,OWNER,Chinna Thokatta,3,"2,343 / sq ft"
Ready to move,1450, 95 L,OWNER,Madhapur,3,"6,551 / sq ft"
Ready to move,1650, 75 L,OWNER,Nanakramguda,3,"4,545 / sq ft"
Ready to move,1230, 75 L,OWNER,Attapur,3,"6,097 / sq ft"
Ready to move,1635, 1.02 Cr,OWNER,Attapur,3,"6,244 / sq ft"
Ready to move,1425, 1.4 Cr,OWNER,AS Rao Nagar,4,"9,824 / sq ft"
Under Construction,1670, 54 L,OWNER,Kothapet,3,"3,233 / sq ft"
Under Construction,1080, 24.84 L,OWNER,Medchal,2,"2,300 / sq ft"
Resale,1500, 21.15 L,OWNER,Bhuvanagiri,Residential Plot,"1,410 / sq ft"
Ready to move,1355, 58 L,OWNER,Bowenpally,2,"4,280 / sq ft"
Ready to move,2200, 1.4 Cr,OWNER,Quthbullapur,4,"6,363 / sq ft"
Under Construction,3000, 1.25 Cr,OWNER,Bolarum,2,"4,166 / sq ft"
Under Construction,3000, 1.25 Cr,OWNER,Mallampet,5,"4,166 / sq ft"
Ready to move,1040, 67 L,OWNER,Nallagandla Gachibowli,2,"6,442 / sq ft"
Resale,2000, 88 L,OWNER,Cherlapalli,Residential Plot,"4,400 / sq ft"
Resale,1485, 19.46 L,OWNER,Toopra Khurd,Residential Plot,"1,311 / sq ft"
Ready to move,1000, 25 L,OWNER,Gajularamaram,2,"2,500 / sq ft"
Ready to move,1000, 25 L,OWNER,Gajularamaram,2,"2,500 / sq ft"
Ready to move,1400, 55 L,OWNER,Pragathi Nagar Kukatpally,3,"3,928 / sq ft"
Ready to move,1255, 67 L,OWNER,Chanakyapuri,2,"5,338 / sq ft"
Ready to move,5500, 8 Cr,OWNER,Gandipet,4,"14,545 / sq ft"
Ready to move,755, 38 L,OWNER,LB Nagar,2,"5,033 / sq ft"
Ready to move,1956, 1.17 Cr,OWNER,Kukatpally,3,"5,981 / sq ft"
Resale,15120, 3.78 Cr,OWNER,Bonthapalle,Residential Plot,"2,500 / sq ft"
Resale,9009, 46 L,OWNER,Mallapur,Residential Plot,510 / sq ft
Under Construction,1500, 95 L,OWNER,Hafeezpet,3,"6,333 / sq ft"
Ready to move,1805, 1.1 Cr,OWNER,Toli Chowki,4,"6,094 / sq ft"
Ready to move,1100, 52 L,OWNER,Pragathi Nagar Kukatpally,2,"4,727 / sq ft"
Resale,1800, 24 L,OWNER,Ramdas Pally,Residential Plot,"1,333 / sq ft"
Under Construction,1235, 61.75 L,OWNER,Suchitra,2,"5,000 / sq ft"
Ready to move,2300, 1.38 Cr,OWNER,Sainikpuri,3,"6,000 / sq ft"
Under Construction,1460, 43.8 L,OWNER,Patancheru,3,"3,000 / sq ft"
Under Construction,1555, 77.75 L,OWNER,Suchitra,3,"5,000 / sq ft"
Ready to move,862, 36 L,OWNER,Kukatpally,2,"4,176 / sq ft"
Ready to move,1060, 74 L,OWNER,Himayat Nagar,4,"6,981 / sq ft"
Under Construction,1025, 44.48 L,OWNER,Maheshwaram,2,"4,340 / sq ft"
Ready to move,1440, 95 L,OWNER,Moti Nagar,2,"6,597 / sq ft"
Ready to move,850, 95 L,OWNER,Borabanda,3,"11,176 / sq ft"
Ready to move,1440, 95 L,OWNER,Borabanda,2,"6,597 / sq ft"
Ready to move,1050, 63 L,OWNER,Badangpet,2,"6,000 / sq ft"
Ready to move,4225, 3.16 Cr,OWNER,Tellapur,4,"7,500 / sq ft"
Ready to move,6500, 6 Cr,OWNER,Mokila,5,"9,230 / sq ft"
Ready to move,1000, 35 L,OWNER,Boiguda,3,"3,500 / sq ft"
Ready to move,1101, 62.5 L,OWNER,Miyapur,4,"5,676 / sq ft"
Ready to move,1535, 1.33 Cr,OWNER,Kokapet,3,"8,664 / sq ft"
Ready to move,1604, 71 L,OWNER,AS Rao Nagar,3,"4,426 / sq ft"
Ready to move,4750, 5.5 Cr,OWNER,Mokila,4,"11,578 / sq ft"
Ready to move,1000, 77.5 L,OWNER,Kukatpally,2,"7,750 / sq ft"
Under Construction,2500, 1.2 Cr,OWNER,Bhuvanagiri,5,"4,800 / sq ft"
Ready to move,1047, 67.5 L,OWNER,Rajendra Nagar,3,"6,447 / sq ft"
Resale,1800, 11.25 L,OWNER,Sadashivpet,Residential Plot,625 / sq ft
Ready to move,1000, 33 L,OWNER,Shamirpet,2,"3,300 / sq ft"
Under Construction,2008, 1.15 Cr,OWNER,Patancheru,3,"5,750 / sq ft"
Ready to move,1098, 30 L,OWNER,Nizampet,2,"2,732 / sq ft"
Ready to move,2957, 3.1 Cr,OWNER,Banjara Hills,4,"10,483 / sq ft"
Ready to move,1225, 72 L,OWNER,Madhapur,2,"5,877 / sq ft"
Under Construction,3351, 2 Cr,OWNER,Shamshabad,4,"5,968 / sq ft"
Resale,2403, 18.69 L,OWNER,Kadthal,Residential Plot,777 / sq ft
Under Construction,1195, 49 L,OWNER,Bolarum,2,"4,100 / sq ft"
Ready to move,1300, 67 L,OWNER,Rampally,2,"5,153 / sq ft"
Ready to move,1050, 60 L,OWNER,Hayathnagar,2,"5,714 / sq ft"
Resale,900, 3.5 L,OWNER,Shamshabad,Residential Plot,388 / sq ft
